ID,Title,Brand,Category,Price,Discount %,Rating,Stock,Description,Thumbnail
1,Essence Mascara Lash Princess,Essence,beauty,9.99,10.48,2.56,99,The Essence Mascara Lash Princess is a popular mascara known for its volumizing and lengthening effects. Achieve dramatic lashes with this long-lasting and cruelty-free formula.,https://cdn.dummyjson.com/product-images/beauty/essence-mascara-lash-princess/thumbnail.webp
2,Eyeshadow Palette with Mirror,Glamour Beauty,beauty,19.99,18.19,2.86,34,"The Eyeshadow Palette with Mirror offers a versatile range of eyeshadow shades for creating stunning eye looks. With a built-in mirror, it's convenient for on-the-go makeup application.",https://cdn.dummyjson.com/product-images/beauty/eyeshadow-palette-with-mirror/thumbnail.webp
3,Powder Canister,Velvet Touch,beauty,14.99,9.84,4.64,89,"The Powder Canister is a finely milled setting powder designed to set makeup and control shine. With a lightweight and translucent formula, it provides a smooth and matte finish.",https://cdn.dummyjson.com/product-images/beauty/powder-canister/thumbnail.webp
4,Red Lipstick,Chic Cosmetics,beauty,12.99,12.16,4.36,91,"The Red Lipstick is a classic and bold choice for adding a pop of color to your lips. With a creamy and pigmented formula, it provides a vibrant and long-lasting finish.",https://cdn.dummyjson.com/product-images/beauty/red-lipstick/thumbnail.webp
5,Red Nail Polish,Nail Couture,beauty,8.99,11.44,4.32,79,"The Red Nail Polish offers a rich and glossy red hue for vibrant and polished nails. With a quick-drying formula, it provides a salon-quality finish at home.",https://cdn.dummyjson.com/product-images/beauty/red-nail-polish/thumbnail.webp
6,Calvin Klein CK One,Calvin Klein,fragrances,49.99,1.89,4.37,29,"CK One by Calvin Klein is a classic unisex fragrance, known for its fresh and clean scent. It's a versatile fragrance suitable for everyday wear.",https://cdn.dummyjson.com/product-images/fragrances/calvin-klein-ck-one/thumbnail.webp
7,Chanel Coco Noir Eau De,Chanel,fragrances,129.99,16.51,4.26,58,"Coco Noir by Chanel is an elegant and mysterious fragrance, featuring notes of grapefruit, rose, and sandalwood. Perfect for evening occasions.",https://cdn.dummyjson.com/product-images/fragrances/chanel-coco-noir-eau-de/thumbnail.webp
8,Dior J'adore,Dior,fragrances,89.99,14.72,3.8,98,"J'adore by Dior is a luxurious and floral fragrance, known for its blend of ylang-ylang, rose, and jasmine. It embodies femininity and sophistication.",https://cdn.dummyjson.com/product-images/fragrances/dior-j'adore/thumbnail.webp
9,Dolce Shine Eau de,Dolce & Gabbana,fragrances,69.99,0.62,3.96,4,"Dolce Shine by Dolce & Gabbana is a vibrant and fruity fragrance, featuring notes of mango, jasmine, and blonde woods. It's a joyful and youthful scent.",https://cdn.dummyjson.com/product-images/fragrances/dolce-shine-eau-de/thumbnail.webp
10,Gucci Bloom Eau de,Gucci,fragrances,79.99,14.39,2.74,91,"Gucci Bloom by Gucci is a floral and captivating fragrance, with notes of tuberose, jasmine, and Rangoon creeper. It's a modern and romantic scent.",https://cdn.dummyjson.com/product-images/fragrances/gucci-bloom-eau-de/thumbnail.webp
11,Annibale Colombo Bed,Annibale Colombo,furniture,1899.99,8.57,4.77,88,"The Annibale Colombo Bed is a luxurious and elegant bed frame, crafted with high-quality materials for a comfortable and stylish bedroom.",https://cdn.dummyjson.com/product-images/furniture/annibale-colombo-bed/thumbnail.webp
12,Annibale Colombo Sofa,Annibale Colombo,furniture,2499.99,14.4,3.92,60,"The Annibale Colombo Sofa is a sophisticated and comfortable seating option, featuring exquisite design and premium upholstery for your living room.",https://cdn.dummyjson.com/product-images/furniture/annibale-colombo-sofa/thumbnail.webp
13,Bedside Table African Cherry,Furniture Co.,furniture,299.99,19.09,2.87,64,"The Bedside Table in African Cherry is a stylish and functional addition to your bedroom, providing convenient storage space and a touch of elegance.",https://cdn.dummyjson.com/product-images/furniture/bedside-table-african-cherry/thumbnail.webp
14,Knoll Saarinen Executive Conference Chair,Knoll,furniture,499.99,2.01,4.88,26,"The Knoll Saarinen Executive Conference Chair is a modern and ergonomic chair, perfect for your office or conference room with its timeless design.",https://cdn.dummyjson.com/product-images/furniture/knoll-saarinen-executive-conference-chair/thumbnail.webp
15,Wooden Bathroom Sink With Mirror,Bath Trends,furniture,799.99,8.8,3.59,7,"The Wooden Bathroom Sink with Mirror is a unique and stylish addition to your bathroom, featuring a wooden sink countertop and a matching mirror.",https://cdn.dummyjson.com/product-images/furniture/wooden-bathroom-sink-with-mirror/thumbnail.webp
16,Apple,,groceries,1.99,12.62,4.19,8,"Fresh and crisp apples, perfect for snacking or incorporating into various recipes.",https://cdn.dummyjson.com/product-images/groceries/apple/thumbnail.webp
17,Beef Steak,,groceries,12.99,9.61,4.47,86,"High-quality beef steak, great for grilling or cooking to your preferred level of doneness.",https://cdn.dummyjson.com/product-images/groceries/beef-steak/thumbnail.webp
18,Cat Food,,groceries,8.99,9.58,3.13,46,Nutritious cat food formulated to meet the dietary needs of your feline friend.,https://cdn.dummyjson.com/product-images/groceries/cat-food/thumbnail.webp
19,Chicken Meat,,groceries,9.99,13.7,3.19,97,"Fresh and tender chicken meat, suitable for various culinary preparations.",https://cdn.dummyjson.com/product-images/groceries/chicken-meat/thumbnail.webp
20,Cooking Oil,,groceries,4.99,9.33,4.8,10,"Versatile cooking oil suitable for frying, sautéing, and various culinary applications.",https://cdn.dummyjson.com/product-images/groceries/cooking-oil/thumbnail.webp
21,Cucumber,,groceries,1.49,0.16,4.07,84,"Crisp and hydrating cucumbers, ideal for salads, snacks, or as a refreshing side.",https://cdn.dummyjson.com/product-images/groceries/cucumber/thumbnail.webp
22,Dog Food,,groceries,10.99,10.27,4.55,71,Specially formulated dog food designed to provide essential nutrients for your canine companion.,https://cdn.dummyjson.com/product-images/groceries/dog-food/thumbnail.webp
23,Eggs,,groceries,2.99,11.05,2.53,9,"Fresh eggs, a versatile ingredient for baking, cooking, or breakfast.",https://cdn.dummyjson.com/product-images/groceries/eggs/thumbnail.webp
24,Fish Steak,,groceries,14.99,4.23,3.78,74,"Quality fish steak, suitable for grilling, baking, or pan-searing.",https://cdn.dummyjson.com/product-images/groceries/fish-steak/thumbnail.webp
25,Green Bell Pepper,,groceries,1.29,0.16,3.25,33,"Fresh and vibrant green bell pepper, perfect for adding color and flavor to your dishes.",https://cdn.dummyjson.com/product-images/groceries/green-bell-pepper/thumbnail.webp
26,Green Chili Pepper,,groceries,0.99,1,3.66,3,"Spicy green chili pepper, ideal for adding heat to your favorite recipes.",https://cdn.dummyjson.com/product-images/groceries/green-chili-pepper/thumbnail.webp
27,Honey Jar,,groceries,6.99,14.4,3.97,34,"Pure and natural honey in a convenient jar, perfect for sweetening beverages or drizzling over food.",https://cdn.dummyjson.com/product-images/groceries/honey-jar/thumbnail.webp
28,Ice Cream,,groceries,5.49,8.69,3.39,27,"Creamy and delicious ice cream, available in various flavors for a delightful treat.",https://cdn.dummyjson.com/product-images/groceries/ice-cream/thumbnail.webp
29,Juice,,groceries,3.99,12.06,3.94,50,"Refreshing fruit juice, packed with vitamins and great for staying hydrated.",https://cdn.dummyjson.com/product-images/groceries/juice/thumbnail.webp
30,Kiwi,,groceries,2.49,15.22,4.93,99,"Nutrient-rich kiwi, perfect for snacking or adding a tropical twist to your dishes.",https://cdn.dummyjson.com/product-images/groceries/kiwi/thumbnail.webp
31,Lemon,,groceries,0.79,9.7,3.53,31,"Zesty and tangy lemons, versatile for cooking, baking, or making refreshing beverages.",https://cdn.dummyjson.com/product-images/groceries/lemon/thumbnail.webp
32,Milk,,groceries,3.49,13.74,2.61,27,"Fresh and nutritious milk, a staple for various recipes and daily consumption.",https://cdn.dummyjson.com/product-images/groceries/milk/thumbnail.webp
33,Mulberry,,groceries,4.99,12.87,4.95,99,"Sweet and juicy mulberries, perfect for snacking or adding to desserts and cereals.",https://cdn.dummyjson.com/product-images/groceries/mulberry/thumbnail.webp
34,Nescafe Coffee,,groceries,7.99,1.59,4.82,57,"Quality coffee from Nescafe, available in various blends for a rich and satisfying cup.",https://cdn.dummyjson.com/product-images/groceries/nescafe-coffee/thumbnail.webp
35,Potatoes,,groceries,2.29,5.38,4.81,13,"Versatile and starchy potatoes, great for roasting, mashing, or as a side dish.",https://cdn.dummyjson.com/product-images/groceries/potatoes/thumbnail.webp
36,Protein Powder,,groceries,19.99,7.59,4.18,80,"Nutrient-packed protein powder, ideal for supplementing your diet with essential proteins.",https://cdn.dummyjson.com/product-images/groceries/protein-powder/thumbnail.webp
37,Red Onions,,groceries,1.99,9.9,4.2,82,"Flavorful and aromatic red onions, perfect for adding depth to your savory dishes.",https://cdn.dummyjson.com/product-images/groceries/red-onions/thumbnail.webp
38,Rice,,groceries,5.99,9.29,3.18,59,"High-quality rice, a staple for various cuisines and a versatile base for many dishes.",https://cdn.dummyjson.com/product-images/groceries/rice/thumbnail.webp
39,Soft Drinks,,groceries,1.99,17.48,4.75,53,"Assorted soft drinks in various flavors, perfect for refreshing beverages.",https://cdn.dummyjson.com/product-images/groceries/soft-drinks/thumbnail.webp
40,Strawberry,,groceries,3.99,1.12,3.08,46,"Sweet and succulent strawberries, great for snacking, desserts, or blending into smoothies.",https://cdn.dummyjson.com/product-images/groceries/strawberry/thumbnail.webp
41,Tissue Paper Box,,groceries,2.49,13.28,2.69,86,"Convenient tissue paper box for everyday use, providing soft and absorbent tissues.",https://cdn.dummyjson.com/product-images/groceries/tissue-paper-box/thumbnail.webp
42,Water,,groceries,0.99,14.92,4.96,53,"Pure and refreshing bottled water, essential for staying hydrated throughout the day.",https://cdn.dummyjson.com/product-images/groceries/water/thumbnail.webp
43,Decoration Swing,,home-decoration,59.99,10.41,3.16,47,"The Decoration Swing is a charming addition to your home decor. Crafted with intricate details, it adds a touch of elegance and whimsy to any room.",https://cdn.dummyjson.com/product-images/home-decoration/decoration-swing/thumbnail.webp
44,Family Tree Photo Frame,,home-decoration,29.99,14.87,4.53,77,"The Family Tree Photo Frame is a sentimental and stylish way to display your cherished family memories. With multiple photo slots, it tells the story of your loved ones.",https://cdn.dummyjson.com/product-images/home-decoration/family-tree-photo-frame/thumbnail.webp
45,House Showpiece Plant,,home-decoration,39.99,7.46,4.67,28,The House Showpiece Plant is an artificial plant that brings a touch of nature to your home without the need for maintenance. It adds greenery and style to any space.,https://cdn.dummyjson.com/product-images/home-decoration/house-showpiece-plant/thumbnail.webp
46,Plant Pot,,home-decoration,14.99,6.84,3.01,59,"The Plant Pot is a stylish container for your favorite plants. With a sleek design, it complements your indoor or outdoor garden, adding a modern touch to your plant display.",https://cdn.dummyjson.com/product-images/home-decoration/plant-pot/thumbnail.webp
47,Table Lamp,,home-decoration,49.99,7.09,3.55,9,"The Table Lamp is a functional and decorative lighting solution for your living space. With a modern design, it provides both ambient and task lighting, enhancing the atmosphere.",https://cdn.dummyjson.com/product-images/home-decoration/table-lamp/thumbnail.webp
48,Bamboo Spatula,,kitchen-accessories,7.99,2.84,3.27,37,"The Bamboo Spatula is a versatile kitchen tool made from eco-friendly bamboo. Ideal for flipping, stirring, and serving various dishes.",https://cdn.dummyjson.com/product-images/kitchen-accessories/bamboo-spatula/thumbnail.webp
49,Black Aluminium Cup,,kitchen-accessories,5.99,15.65,4.46,75,The Black Aluminium Cup is a stylish and durable cup suitable for both hot and cold beverages. Its sleek black design adds a modern touch to your drinkware collection.,https://cdn.dummyjson.com/product-images/kitchen-accessories/black-aluminium-cup/thumbnail.webp
50,Black Whisk,,kitchen-accessories,9.99,10.24,3.9,73,The Black Whisk is a kitchen essential for whisking and beating ingredients. Its ergonomic handle and sleek design make it a practical and stylish tool.,https://cdn.dummyjson.com/product-images/kitchen-accessories/black-whisk/thumbnail.webp
51,Boxed Blender,,kitchen-accessories,39.99,7.26,4.56,9,"The Boxed Blender is a powerful and compact blender perfect for smoothies, shakes, and more. Its convenient design and multiple functions make it a versatile kitchen appliance.",https://cdn.dummyjson.com/product-images/kitchen-accessories/boxed-blender/thumbnail.webp
52,Carbon Steel Wok,,kitchen-accessories,29.99,6.53,4.05,40,"The Carbon Steel Wok is a versatile cooking pan suitable for stir-frying, sautéing, and deep frying. Its sturdy construction ensures even heat distribution for delicious meals.",https://cdn.dummyjson.com/product-images/kitchen-accessories/carbon-steel-wok/thumbnail.webp
53,Chopping Board,,kitchen-accessories,12.99,8.03,3.7,14,"The Chopping Board is an essential kitchen accessory for food preparation. Made from durable material, it provides a safe and hygienic surface for cutting and chopping.",https://cdn.dummyjson.com/product-images/kitchen-accessories/chopping-board/thumbnail.webp
54,Citrus Squeezer Yellow,,kitchen-accessories,8.99,12.1,4.63,22,The Citrus Squeezer in Yellow is a handy tool for extracting juice from citrus fruits. Its vibrant color adds a cheerful touch to your kitchen gadgets.,https://cdn.dummyjson.com/product-images/kitchen-accessories/citrus-squeezer-yellow/thumbnail.webp
55,Egg Slicer,,kitchen-accessories,6.99,14.76,3.09,40,"The Egg Slicer is a convenient tool for slicing boiled eggs evenly. It's perfect for salads, sandwiches, and other dishes where sliced eggs are desired.",https://cdn.dummyjson.com/product-images/kitchen-accessories/egg-slicer/thumbnail.webp
56,Electric Stove,,kitchen-accessories,49.99,14.04,4.11,21,The Electric Stove provides a portable and efficient cooking solution. Ideal for small kitchens or as an additional cooking surface for various culinary needs.,https://cdn.dummyjson.com/product-images/kitchen-accessories/electric-stove/thumbnail.webp
57,Fine Mesh Strainer,,kitchen-accessories,9.99,3.5,3.04,85,The Fine Mesh Strainer is a versatile tool for straining liquids and sifting dry ingredients. Its fine mesh ensures efficient filtering for smooth cooking and baking.,https://cdn.dummyjson.com/product-images/kitchen-accessories/fine-mesh-strainer/thumbnail.webp
58,Fork,,kitchen-accessories,3.99,8.07,3.11,7,The Fork is a classic utensil for various dining and serving purposes. Its durable and ergonomic design makes it a reliable choice for everyday use.,https://cdn.dummyjson.com/product-images/kitchen-accessories/fork/thumbnail.webp
59,Glass,,kitchen-accessories,4.99,7.92,4.02,46,The Glass is a versatile and elegant drinking vessel suitable for a variety of beverages. Its clear design allows you to enjoy the colors and textures of your drinks.,https://cdn.dummyjson.com/product-images/kitchen-accessories/glass/thumbnail.webp
60,Grater Black,,kitchen-accessories,10.99,3.56,3.21,84,"The Grater in Black is a handy kitchen tool for grating cheese, vegetables, and more. Its sleek design and sharp blades make food preparation efficient and easy.",https://cdn.dummyjson.com/product-images/kitchen-accessories/grater-black/thumbnail.webp
61,Hand Blender,,kitchen-accessories,34.99,17.02,3.86,84,"The Hand Blender is a versatile kitchen appliance for blending, pureeing, and mixing. Its compact design and powerful motor make it a convenient tool for various recipes.",https://cdn.dummyjson.com/product-images/kitchen-accessories/hand-blender/thumbnail.webp
62,Ice Cube Tray,,kitchen-accessories,5.99,0.63,4.71,13,The Ice Cube Tray is a practical accessory for making ice cubes in various shapes. Perfect for keeping your drinks cool and adding a fun element to your beverages.,https://cdn.dummyjson.com/product-images/kitchen-accessories/ice-cube-tray/thumbnail.webp
63,Kitchen Sieve,,kitchen-accessories,7.99,18.91,3.09,68,The Kitchen Sieve is a versatile tool for sifting and straining dry and wet ingredients. Its fine mesh design ensures smooth results in your cooking and baking.,https://cdn.dummyjson.com/product-images/kitchen-accessories/kitchen-sieve/thumbnail.webp
64,Knife,,kitchen-accessories,14.99,18.86,3.26,7,"The Knife is an essential kitchen tool for chopping, slicing, and dicing. Its sharp blade and ergonomic handle make it a reliable choice for food preparation.",https://cdn.dummyjson.com/product-images/kitchen-accessories/knife/thumbnail.webp
65,Lunch Box,,kitchen-accessories,12.99,10.34,4.93,94,"The Lunch Box is a convenient and portable container for packing and carrying your meals. With compartments for different foods, it's perfect for on-the-go dining.",https://cdn.dummyjson.com/product-images/kitchen-accessories/lunch-box/thumbnail.webp
66,Microwave Oven,,kitchen-accessories,89.99,12.13,4.82,59,"The Microwave Oven is a versatile kitchen appliance for quick and efficient cooking, reheating, and defrosting. Its compact size makes it suitable for various kitchen setups.",https://cdn.dummyjson.com/product-images/kitchen-accessories/microwave-oven/thumbnail.webp
67,Mug Tree Stand,,kitchen-accessories,15.99,9.25,2.64,88,The Mug Tree Stand is a stylish and space-saving solution for organizing your mugs. Keep your favorite mugs easily accessible and neatly displayed in your kitchen.,https://cdn.dummyjson.com/product-images/kitchen-accessories/mug-tree-stand/thumbnail.webp
68,Pan,,kitchen-accessories,24.99,3,2.79,90,"The Pan is a versatile and essential cookware item for frying, sautéing, and cooking various dishes. Its non-stick coating ensures easy food release and cleanup.",https://cdn.dummyjson.com/product-images/kitchen-accessories/pan/thumbnail.webp
69,Plate,,kitchen-accessories,3.99,7.31,3.65,66,The Plate is a classic and essential dishware item for serving meals. Its durable and stylish design makes it suitable for everyday use or special occasions.,https://cdn.dummyjson.com/product-images/kitchen-accessories/plate/thumbnail.webp
70,Red Tongs,,kitchen-accessories,6.99,14.52,4.42,82,The Red Tongs are versatile kitchen tongs suitable for various cooking and serving tasks. Their vibrant color adds a pop of excitement to your kitchen utensils.,https://cdn.dummyjson.com/product-images/kitchen-accessories/red-tongs/thumbnail.webp
71,Silver Pot With Glass Cap,,kitchen-accessories,39.99,5.7,3.22,40,"The Silver Pot with Glass Cap is a stylish and functional cookware item for boiling, simmering, and preparing delicious meals. Its glass cap allows you to monitor cooking progress.",https://cdn.dummyjson.com/product-images/kitchen-accessories/silver-pot-with-glass-cap/thumbnail.webp
72,Slotted Turner,,kitchen-accessories,8.99,13.35,3.4,88,"The Slotted Turner is a kitchen utensil designed for flipping and turning food items. Its slotted design allows excess liquid to drain, making it ideal for frying and sautéing.",https://cdn.dummyjson.com/product-images/kitchen-accessories/slotted-turner/thumbnail.webp
73,Spice Rack,,kitchen-accessories,19.99,12.09,4.87,79,The Spice Rack is a convenient organizer for your spices and seasonings. Keep your kitchen essentials within reach and neatly arranged with this stylish spice rack.,https://cdn.dummyjson.com/product-images/kitchen-accessories/spice-rack/thumbnail.webp
74,Spoon,,kitchen-accessories,4.99,1.53,4.03,59,"The Spoon is a versatile kitchen utensil for stirring, serving, and tasting. Its ergonomic design and durable construction make it an essential tool for every kitchen.",https://cdn.dummyjson.com/product-images/kitchen-accessories/spoon/thumbnail.webp
75,Tray,,kitchen-accessories,16.99,7.48,4.62,71,"The Tray is a functional and decorative item for serving snacks, appetizers, or drinks. Its stylish design makes it a versatile accessory for entertaining guests.",https://cdn.dummyjson.com/product-images/kitchen-accessories/tray/thumbnail.webp
76,Wooden Rolling Pin,,kitchen-accessories,11.99,9.75,2.92,80,The Wooden Rolling Pin is a classic kitchen tool for rolling out dough for baking. Its smooth surface and sturdy handles make it easy to achieve uniform thickness.,https://cdn.dummyjson.com/product-images/kitchen-accessories/wooden-rolling-pin/thumbnail.webp
77,Yellow Peeler,,kitchen-accessories,5.99,12.48,4.24,35,The Yellow Peeler is a handy tool for peeling fruits and vegetables with ease. Its bright yellow color adds a cheerful touch to your kitchen gadgets.,https://cdn.dummyjson.com/product-images/kitchen-accessories/yellow-peeler/thumbnail.webp
78,Apple MacBook Pro 14 Inch Space Grey,Apple,laptops,1999.99,4.69,3.65,24,"The MacBook Pro 14 Inch in Space Grey is a powerful and sleek laptop, featuring Apple's M1 Pro chip for exceptional performance and a stunning Retina display.",https://cdn.dummyjson.com/product-images/laptops/apple-macbook-pro-14-inch-space-grey/thumbnail.webp
79,Asus Zenbook Pro Dual Screen Laptop,Asus,laptops,1799.99,11.14,3.95,45,"The Asus Zenbook Pro Dual Screen Laptop is a high-performance device with dual screens, providing productivity and versatility for creative professionals.",https://cdn.dummyjson.com/product-images/laptops/asus-zenbook-pro-dual-screen-laptop/thumbnail.webp
80,Huawei Matebook X Pro,Huawei,laptops,1399.99,9.38,4.98,75,"The Huawei Matebook X Pro is a slim and stylish laptop with a high-resolution touchscreen display, offering a premium experience for users on the go.",https://cdn.dummyjson.com/product-images/laptops/huawei-matebook-x-pro/thumbnail.webp
81,Lenovo Yoga 920,Lenovo,laptops,1099.99,6.55,2.86,40,"The Lenovo Yoga 920 is a 2-in-1 convertible laptop with a flexible hinge, allowing you to use it as a laptop or tablet, offering versatility and portability.",https://cdn.dummyjson.com/product-images/laptops/lenovo-yoga-920/thumbnail.webp
82,New DELL XPS 13 9300 Laptop,Dell,laptops,1499.99,11.89,2.67,74,"The New DELL XPS 13 9300 Laptop is a compact and powerful device, featuring a virtually borderless InfinityEdge display and high-end performance for various tasks.",https://cdn.dummyjson.com/product-images/laptops/new-dell-xps-13-9300-laptop/thumbnail.webp
83,Blue & Black Check Shirt,Fashion Trends,mens-shirts,29.99,15.35,3.64,38,"The Blue & Black Check Shirt is a stylish and comfortable men's shirt featuring a classic check pattern. Made from high-quality fabric, it's suitable for both casual and semi-formal occasions.",https://cdn.dummyjson.com/product-images/mens-shirts/blue-&-black-check-shirt/thumbnail.webp
84,Gigabyte Aorus Men Tshirt,Gigabyte,mens-shirts,24.99,0.94,3.18,90,"The Gigabyte Aorus Men Tshirt is a cool and casual shirt for gaming enthusiasts. With the Aorus logo and sleek design, it's perfect for expressing your gaming style.",https://cdn.dummyjson.com/product-images/mens-shirts/gigabyte-aorus-men-tshirt/thumbnail.webp
85,Man Plaid Shirt,Classic Wear,mens-shirts,34.99,19.5,3.46,82,The Man Plaid Shirt is a timeless and versatile men's shirt with a classic plaid pattern. Its comfortable fit and casual style make it a wardrobe essential for various occasions.,https://cdn.dummyjson.com/product-images/mens-shirts/man-plaid-shirt/thumbnail.webp
86,Man Short Sleeve Shirt,Casual Comfort,mens-shirts,19.99,6.83,2.9,2,"The Man Short Sleeve Shirt is a breezy and stylish option for warm days. With a comfortable fit and short sleeves, it's perfect for a laid-back yet polished look.",https://cdn.dummyjson.com/product-images/mens-shirts/man-short-sleeve-shirt/thumbnail.webp
87,Men Check Shirt,Urban Chic,mens-shirts,27.99,11.38,2.72,95,"The Men Check Shirt is a classic and versatile shirt featuring a stylish check pattern. Suitable for various occasions, it adds a smart and polished touch to your wardrobe.",https://cdn.dummyjson.com/product-images/mens-shirts/men-check-shirt/thumbnail.webp
88,Nike Air Jordan 1 Red And Black,Nike,mens-shoes,149.99,4.12,4.77,7,"The Nike Air Jordan 1 in Red and Black is an iconic basketball sneaker known for its stylish design and high-performance features, making it a favorite among sneaker enthusiasts and athletes.",https://cdn.dummyjson.com/product-images/mens-shoes/nike-air-jordan-1-red-and-black/thumbnail.webp
89,Nike Baseball Cleats,Nike,mens-shoes,79.99,18.04,3.88,12,Nike Baseball Cleats are designed for maximum traction and performance on the baseball field. They provide stability and support for players during games and practices.,https://cdn.dummyjson.com/product-images/mens-shoes/nike-baseball-cleats/thumbnail.webp
90,Puma Future Rider Trainers,Puma,mens-shoes,89.99,4.2,4.9,90,"The Puma Future Rider Trainers offer a blend of retro style and modern comfort. Perfect for casual wear, these trainers provide a fashionable and comfortable option for everyday use.",https://cdn.dummyjson.com/product-images/mens-shoes/puma-future-rider-trainers/thumbnail.webp
91,Sports Sneakers Off White & Red,Off White,mens-shoes,119.99,4.97,4.77,17,"The Sports Sneakers in Off White and Red combine style and functionality, making them a fashionable choice for sports enthusiasts. The red and off-white color combination adds a bold and energetic touch.",https://cdn.dummyjson.com/product-images/mens-shoes/sports-sneakers-off-white-&-red/thumbnail.webp
92,Sports Sneakers Off White Red,Off White,mens-shoes,109.99,0.04,4.69,62,"Another variant of the Sports Sneakers in Off White Red, featuring a unique design. These sneakers offer style and comfort for casual occasions.",https://cdn.dummyjson.com/product-images/mens-shoes/sports-sneakers-off-white-red/thumbnail.webp
93,Brown Leather Belt Watch,Fashion Timepieces,mens-watches,89.99,5.99,4.19,32,"The Brown Leather Belt Watch is a stylish timepiece with a classic design. Featuring a genuine leather strap and a sleek dial, it adds a touch of sophistication to your look.",https://cdn.dummyjson.com/product-images/mens-watches/brown-leather-belt-watch/thumbnail.webp
94,Longines Master Collection,Longines,mens-watches,1499.99,17.24,3.87,100,"The Longines Master Collection is an elegant and refined watch known for its precision and craftsmanship. With a timeless design, it's a symbol of luxury and sophistication.",https://cdn.dummyjson.com/product-images/mens-watches/longines-master-collection/thumbnail.webp
95,Rolex Cellini Date Black Dial,Rolex,mens-watches,8999.99,8.88,4.97,40,"The Rolex Cellini Date with Black Dial is a classic and prestigious watch. With a black dial and date complication, it exudes sophistication and is a symbol of Rolex's heritage.",https://cdn.dummyjson.com/product-images/mens-watches/rolex-cellini-date-black-dial/thumbnail.webp
96,Rolex Cellini Moonphase,Rolex,mens-watches,12999.99,17.52,2.58,36,"The Rolex Cellini Moonphase is a masterpiece of horology, featuring a moon phase complication and exquisite design. It reflects Rolex's commitment to precision and elegance.",https://cdn.dummyjson.com/product-images/mens-watches/rolex-cellini-moonphase/thumbnail.webp
97,Rolex Datejust,Rolex,mens-watches,10999.99,3.73,3.66,86,"The Rolex Datejust is an iconic and versatile timepiece with a date window. Known for its timeless design and reliability, it's a symbol of Rolex's watchmaking excellence.",https://cdn.dummyjson.com/product-images/mens-watches/rolex-datejust/thumbnail.webp
98,Rolex Submariner Watch,Rolex,mens-watches,13999.99,5.05,2.69,55,"The Rolex Submariner is a legendary dive watch with a rich history. Known for its durability and water resistance, it's a symbol of adventure and exploration.",https://cdn.dummyjson.com/product-images/mens-watches/rolex-submariner-watch/thumbnail.webp
99,Amazon Echo Plus,Amazon,mobile-accessories,99.99,12.07,4.99,61,The Amazon Echo Plus is a smart speaker with built-in Alexa voice control. It features premium sound quality and serves as a hub for controlling smart home devices.,https://cdn.dummyjson.com/product-images/mobile-accessories/amazon-echo-plus/thumbnail.webp
100,Apple Airpods,Apple,mobile-accessories,129.99,15.54,4.15,67,"The Apple Airpods offer a seamless wireless audio experience. With easy pairing, high-quality sound, and Siri integration, they are perfect for on-the-go listening.",https://cdn.dummyjson.com/product-images/mobile-accessories/apple-airpods/thumbnail.webp
101,Apple AirPods Max Silver,Apple,mobile-accessories,549.99,13.67,3.47,59,"The Apple AirPods Max in Silver are premium over-ear headphones with high-fidelity audio, adaptive EQ, and active noise cancellation. Experience immersive sound in style.",https://cdn.dummyjson.com/product-images/mobile-accessories/apple-airpods-max-silver/thumbnail.webp
102,Apple Airpower Wireless Charger,Apple,mobile-accessories,79.99,4.48,3.68,1,The Apple AirPower Wireless Charger provides a convenient way to charge your compatible Apple devices wirelessly. Simply place your devices on the charging mat for effortless charging.,https://cdn.dummyjson.com/product-images/mobile-accessories/apple-airpower-wireless-charger/thumbnail.webp
103,Apple HomePod Mini Cosmic Grey,Apple,mobile-accessories,99.99,18.1,4.62,27,The Apple HomePod Mini in Cosmic Grey is a compact smart speaker that delivers impressive audio and integrates seamlessly with the Apple ecosystem for a smart home experience.,https://cdn.dummyjson.com/product-images/mobile-accessories/apple-homepod-mini-cosmic-grey/thumbnail.webp
104,Apple iPhone Charger,Apple,mobile-accessories,19.99,18.52,4.15,31,The Apple iPhone Charger is a high-quality charger designed for fast and efficient charging of your iPhone. Ensure your device stays powered up and ready to go.,https://cdn.dummyjson.com/product-images/mobile-accessories/apple-iphone-charger/thumbnail.webp
105,Apple MagSafe Battery Pack,Apple,mobile-accessories,99.99,17.17,3.62,1,The Apple MagSafe Battery Pack is a portable and convenient way to add extra battery life to your MagSafe-compatible iPhone. Attach it magnetically for a secure connection.,https://cdn.dummyjson.com/product-images/mobile-accessories/apple-magsafe-battery-pack/thumbnail.webp
106,Apple Watch Series 4 Gold,Apple,mobile-accessories,349.99,12.02,2.74,33,"The Apple Watch Series 4 in Gold is a stylish and advanced smartwatch with features like heart rate monitoring, fitness tracking, and a beautiful Retina display.",https://cdn.dummyjson.com/product-images/mobile-accessories/apple-watch-series-4-gold/thumbnail.webp
107,Beats Flex Wireless Earphones,Beats,mobile-accessories,49.99,5.73,4.24,50,"The Beats Flex Wireless Earphones offer a comfortable and versatile audio experience. With magnetic earbuds and up to 12 hours of battery life, they are ideal for everyday use.",https://cdn.dummyjson.com/product-images/mobile-accessories/beats-flex-wireless-earphones/thumbnail.webp
108,iPhone 12 Silicone Case with MagSafe Plum,Apple,mobile-accessories,29.99,13.85,3.62,69,The iPhone 12 Silicone Case with MagSafe in Plum is a stylish and protective case designed for the iPhone 12. It features MagSafe technology for easy attachment of accessories.,https://cdn.dummyjson.com/product-images/mobile-accessories/iphone-12-silicone-case-with-magsafe-plum/thumbnail.webp
109,Monopod,TechGear,mobile-accessories,19.99,8.58,4.43,48,"The Monopod is a versatile camera accessory for stable and adjustable shooting. Perfect for capturing selfies, group photos, and videos with ease.",https://cdn.dummyjson.com/product-images/mobile-accessories/monopod/thumbnail.webp
110,Selfie Lamp with iPhone,GadgetMaster,mobile-accessories,14.99,19.4,3.55,58,The Selfie Lamp with iPhone is a portable and adjustable LED light designed to enhance your selfies and video calls. Attach it to your iPhone for well-lit photos.,https://cdn.dummyjson.com/product-images/mobile-accessories/selfie-lamp-with-iphone/thumbnail.webp
111,Selfie Stick Monopod,SnapTech,mobile-accessories,12.99,19.12,3.88,11,The Selfie Stick Monopod is a extendable and foldable device for capturing the perfect selfie or group photo. Compatible with smartphones and cameras.,https://cdn.dummyjson.com/product-images/mobile-accessories/selfie-stick-monopod/thumbnail.webp
112,TV Studio Camera Pedestal,ProVision,mobile-accessories,499.99,8.31,2.78,15,The TV Studio Camera Pedestal is a professional-grade camera support system for smooth and precise camera movements in a studio setting. Ideal for broadcast and production.,https://cdn.dummyjson.com/product-images/mobile-accessories/tv-studio-camera-pedestal/thumbnail.webp
113,Generic Motorcycle,Generic Motors,motorcycle,3999.99,12.1,4.91,34,"The Generic Motorcycle is a versatile and reliable bike suitable for various riding preferences. With a balanced design, it provides a comfortable and efficient riding experience.",https://cdn.dummyjson.com/product-images/motorcycle/generic-motorcycle/thumbnail.webp
114,Kawasaki Z800,Kawasaki,motorcycle,8999.99,9.77,3.98,52,"The Kawasaki Z800 is a powerful and agile sportbike known for its striking design and performance. It's equipped with advanced features, making it a favorite among motorcycle enthusiasts.",https://cdn.dummyjson.com/product-images/motorcycle/kawasaki-z800/thumbnail.webp
115,MotoGP CI.H1,MotoGP,motorcycle,14999.99,6.92,2.97,10,The MotoGP CI.H1 is a high-performance motorcycle inspired by MotoGP racing technology. It offers cutting-edge features and precision engineering for an exhilarating riding experience.,https://cdn.dummyjson.com/product-images/motorcycle/motogp-ci.h1/thumbnail.webp
116,Scooter Motorcycle,ScootMaster,motorcycle,2999.99,6.27,2.53,84,The Scooter Motorcycle is a practical and fuel-efficient bike ideal for urban commuting. It features a step-through design and user-friendly controls for easy maneuverability.,https://cdn.dummyjson.com/product-images/motorcycle/scooter-motorcycle/thumbnail.webp
117,Sportbike Motorcycle,SpeedMaster,motorcycle,7499.99,11.58,3.94,0,"The Sportbike Motorcycle is designed for speed and agility, with a sleek and aerodynamic profile. It's suitable for riders looking for a dynamic and thrilling riding experience.",https://cdn.dummyjson.com/product-images/motorcycle/sportbike-motorcycle/thumbnail.webp
118,Attitude Super Leaves Hand Soap,Attitude,skin-care,8.99,18.49,3.19,94,"Attitude Super Leaves Hand Soap is a natural and nourishing hand soap enriched with the goodness of super leaves. It cleanses and moisturizes your hands, leaving them feeling fresh and soft.",https://cdn.dummyjson.com/product-images/skin-care/attitude-super-leaves-hand-soap/thumbnail.webp
119,Olay Ultra Moisture Shea Butter Body Wash,Olay,skin-care,12.99,16.39,4.51,34,Olay Ultra Moisture Shea Butter Body Wash is a luxurious body wash that hydrates and nourishes your skin with the moisturizing power of shea butter. Enjoy a rich lather and silky-smooth skin.,https://cdn.dummyjson.com/product-images/skin-care/olay-ultra-moisture-shea-butter-body-wash/thumbnail.webp
120,Vaseline Men Body and Face Lotion,Vaseline,skin-care,9.99,13.39,3.16,95,Vaseline Men Body and Face Lotion is a specially formulated lotion designed to provide long-lasting moisture to men's skin. It absorbs quickly and helps keep the skin hydrated and healthy.,https://cdn.dummyjson.com/product-images/skin-care/vaseline-men-body-and-face-lotion/thumbnail.webp
121,iPhone 5s,Apple,smartphones,199.99,12.91,2.83,25,"The iPhone 5s is a classic smartphone known for its compact design and advanced features during its release. While it's an older model, it still provides a reliable user experience.",https://cdn.dummyjson.com/product-images/smartphones/iphone-5s/thumbnail.webp
122,iPhone 6,Apple,smartphones,299.99,6.69,3.41,60,"The iPhone 6 is a stylish and capable smartphone with a larger display and improved performance. It introduced new features and design elements, making it a popular choice in its time.",https://cdn.dummyjson.com/product-images/smartphones/iphone-6/thumbnail.webp
123,iPhone 13 Pro,Apple,smartphones,1099.99,9.37,4.12,56,"The iPhone 13 Pro is a cutting-edge smartphone with a powerful camera system, high-performance chip, and stunning display. It offers advanced features for users who demand top-notch technology.",https://cdn.dummyjson.com/product-images/smartphones/iphone-13-pro/thumbnail.webp
124,iPhone X,Apple,smartphones,899.99,19.59,2.51,37,"The iPhone X is a flagship smartphone featuring a bezel-less OLED display, facial recognition technology (Face ID), and impressive performance. It represents a milestone in iPhone design and innovation.",https://cdn.dummyjson.com/product-images/smartphones/iphone-x/thumbnail.webp
125,Oppo A57,Oppo,smartphones,249.99,2.43,3.94,19,"The Oppo A57 is a mid-range smartphone known for its sleek design and capable features. It offers a balance of performance and affordability, making it a popular choice.",https://cdn.dummyjson.com/product-images/smartphones/oppo-a57/thumbnail.webp
126,Oppo F19 Pro Plus,Oppo,smartphones,399.99,18.64,3.51,78,The Oppo F19 Pro Plus is a feature-rich smartphone with a focus on camera capabilities. It boasts advanced photography features and a powerful performance for a premium user experience.,https://cdn.dummyjson.com/product-images/smartphones/oppo-f19-pro-plus/thumbnail.webp
127,Oppo K1,Oppo,smartphones,299.99,18.29,4.25,55,"The Oppo K1 series offers a range of smartphones with various features and specifications. Known for their stylish design and reliable performance, the Oppo K1 series caters to diverse user preferences.",https://cdn.dummyjson.com/product-images/smartphones/oppo-k1/thumbnail.webp
128,Realme C35,Realme,smartphones,149.99,15.3,4.2,48,The Realme C35 is a budget-friendly smartphone with a focus on providing essential features for everyday use. It offers a reliable performance and user-friendly experience.,https://cdn.dummyjson.com/product-images/smartphones/realme-c35/thumbnail.webp
129,Realme X,Realme,smartphones,299.99,6.95,3.7,12,The Realme X is a mid-range smartphone known for its sleek design and impressive display. It offers a good balance of performance and camera capabilities for users seeking a quality device.,https://cdn.dummyjson.com/product-images/smartphones/realme-x/thumbnail.webp
130,Realme XT,Realme,smartphones,349.99,11.51,4.58,80,"The Realme XT is a feature-rich smartphone with a focus on camera technology. It comes equipped with advanced camera sensors, delivering high-quality photos and videos for photography enthusiasts.",https://cdn.dummyjson.com/product-images/smartphones/realme-xt/thumbnail.webp
131,Samsung Galaxy S7,Samsung,smartphones,299.99,19.55,3.3,67,"The Samsung Galaxy S7 is a flagship smartphone known for its sleek design and advanced features. It features a high-resolution display, powerful camera, and robust performance.",https://cdn.dummyjson.com/product-images/smartphones/samsung-galaxy-s7/thumbnail.webp
132,Samsung Galaxy S8,Samsung,smartphones,499.99,19.45,4.4,0,"The Samsung Galaxy S8 is a premium smartphone with an Infinity Display, offering a stunning visual experience. It boasts advanced camera capabilities and cutting-edge technology.",https://cdn.dummyjson.com/product-images/smartphones/samsung-galaxy-s8/thumbnail.webp
133,Samsung Galaxy S10,Samsung,smartphones,699.99,5.59,3.06,19,"The Samsung Galaxy S10 is a flagship device featuring a dynamic AMOLED display, versatile camera system, and powerful performance. It represents innovation and excellence in smartphone technology.",https://cdn.dummyjson.com/product-images/smartphones/samsung-galaxy-s10/thumbnail.webp
134,Vivo S1,Vivo,smartphones,249.99,10.17,3.5,50,"The Vivo S1 is a stylish and mid-range smartphone offering a blend of design and performance. It features a vibrant display, capable camera system, and reliable functionality.",https://cdn.dummyjson.com/product-images/smartphones/vivo-s1/thumbnail.webp
135,Vivo V9,Vivo,smartphones,299.99,17.67,3.6,82,"The Vivo V9 is a smartphone known for its sleek design and emphasis on capturing high-quality selfies. It features a notch display, dual-camera setup, and a modern design.",https://cdn.dummyjson.com/product-images/smartphones/vivo-v9/thumbnail.webp
136,Vivo X21,Vivo,smartphones,499.99,17.41,4.26,7,"The Vivo X21 is a premium smartphone with a focus on cutting-edge technology. It features an in-display fingerprint sensor, a high-resolution display, and advanced camera capabilities.",https://cdn.dummyjson.com/product-images/smartphones/vivo-x21/thumbnail.webp
137,American Football,,sports-accessories,19.99,4.93,4.91,53,"The American Football is a classic ball used in American football games. It is designed for throwing and catching, making it an essential piece of equipment for the sport.",https://cdn.dummyjson.com/product-images/sports-accessories/american-football/thumbnail.webp
138,Baseball Ball,,sports-accessories,8.99,1.71,2.57,100,"The Baseball Ball is a standard baseball used in baseball games. It features a durable leather cover and is designed for pitching, hitting, and fielding in the game of baseball.",https://cdn.dummyjson.com/product-images/sports-accessories/baseball-ball/thumbnail.webp
139,Baseball Glove,,sports-accessories,24.99,2.9,3.96,22,"The Baseball Glove is a protective glove worn by baseball players. It is designed to catch and field the baseball, providing players with comfort and control during the game.",https://cdn.dummyjson.com/product-images/sports-accessories/baseball-glove/thumbnail.webp
140,Basketball,,sports-accessories,14.99,7.44,4.66,75,"The Basketball is a standard ball used in basketball games. It is designed for dribbling, shooting, and passing in the game of basketball, suitable for both indoor and outdoor play.",https://cdn.dummyjson.com/product-images/sports-accessories/basketball/thumbnail.webp
141,Basketball Rim,,sports-accessories,39.99,7.74,4.6,43,The Basketball Rim is a sturdy hoop and net assembly mounted on a basketball backboard. It provides a target for shooting and scoring in the game of basketball.,https://cdn.dummyjson.com/product-images/sports-accessories/basketball-rim/thumbnail.webp
142,Cricket Ball,,sports-accessories,12.99,8.63,3.53,30,"The Cricket Ball is a hard leather ball used in the sport of cricket. It is bowled and batted in the game, and its hardness and seam contribute to the dynamics of cricket play.",https://cdn.dummyjson.com/product-images/sports-accessories/cricket-ball/thumbnail.webp
143,Cricket Bat,,sports-accessories,29.99,3.29,3.17,98,The Cricket Bat is an essential piece of cricket equipment used by batsmen to hit the cricket ball. It is made of wood and comes in various sizes and designs.,https://cdn.dummyjson.com/product-images/sports-accessories/cricket-bat/thumbnail.webp
144,Cricket Helmet,,sports-accessories,44.99,9.64,4.69,10,"The Cricket Helmet is a protective headgear worn by cricket players, especially batsmen and wicketkeepers. It provides protection against fast bowling and bouncers.",https://cdn.dummyjson.com/product-images/sports-accessories/cricket-helmet/thumbnail.webp
145,Cricket Wicket,,sports-accessories,29.99,16.93,4.73,25,"The Cricket Wicket is a set of three stumps and two bails, forming a wicket used in the sport of cricket. Batsmen aim to protect the wicket while scoring runs.",https://cdn.dummyjson.com/product-images/sports-accessories/cricket-wicket/thumbnail.webp
146,Feather Shuttlecock,,sports-accessories,5.99,2.95,2.85,95,"The Feather Shuttlecock is used in the sport of badminton. It features natural feathers and is designed for high-speed play, providing stability and accuracy during matches.",https://cdn.dummyjson.com/product-images/sports-accessories/feather-shuttlecock/thumbnail.webp
147,Football,,sports-accessories,17.99,5.15,3.28,96,"The Football, also known as a soccer ball, is the standard ball used in the sport of football (soccer). It is designed for kicking and passing in the game.",https://cdn.dummyjson.com/product-images/sports-accessories/football/thumbnail.webp
148,Golf Ball,,sports-accessories,9.99,17.37,4.3,84,"The Golf Ball is a small ball used in the sport of golf. It features dimples on its surface, providing aerodynamic lift and distance when struck by a golf club.",https://cdn.dummyjson.com/product-images/sports-accessories/golf-ball/thumbnail.webp
149,Iron Golf,,sports-accessories,49.99,6.53,4.41,90,"The Iron Golf is a type of golf club designed for various golf shots. It features a solid metal head and is used for approach shots, chipping, and other golfing techniques.",https://cdn.dummyjson.com/product-images/sports-accessories/iron-golf/thumbnail.webp
150,Metal Baseball Bat,,sports-accessories,29.99,19.51,4.66,16,The Metal Baseball Bat is a durable and lightweight baseball bat made from metal alloys. It is commonly used in baseball games for hitting and batting practice.,https://cdn.dummyjson.com/product-images/sports-accessories/metal-baseball-bat/thumbnail.webp
151,Tennis Ball,,sports-accessories,6.99,11.76,4.06,28,The Tennis Ball is a standard ball used in the sport of tennis. It is designed for bouncing and hitting with tennis rackets during matches or practice sessions.,https://cdn.dummyjson.com/product-images/sports-accessories/tennis-ball/thumbnail.webp
152,Tennis Racket,,sports-accessories,49.99,19.61,4.03,6,"The Tennis Racket is an essential piece of equipment used in the sport of tennis. It features a frame with strings and a grip, allowing players to hit the tennis ball.",https://cdn.dummyjson.com/product-images/sports-accessories/tennis-racket/thumbnail.webp
153,Volleyball,,sports-accessories,11.99,12.25,3.84,0,"The Volleyball is a standard ball used in the sport of volleyball. It is designed for passing, setting, and spiking over the net during volleyball matches.",https://cdn.dummyjson.com/product-images/sports-accessories/volleyball/thumbnail.webp
154,Black Sun Glasses,Fashion Shades,sunglasses,29.99,4.94,4.41,60,"The Black Sun Glasses are a classic and stylish choice, featuring a sleek black frame and tinted lenses. They provide both UV protection and a fashionable look.",https://cdn.dummyjson.com/product-images/sunglasses/black-sun-glasses/thumbnail.webp
155,Classic Sun Glasses,Fashion Shades,sunglasses,24.99,4.94,3.86,1,The Classic Sun Glasses offer a timeless design with a neutral frame and UV-protected lenses. These sunglasses are versatile and suitable for various occasions.,https://cdn.dummyjson.com/product-images/sunglasses/classic-sun-glasses/thumbnail.webp
156,Green and Black Glasses,Fashion Shades,sunglasses,34.99,1.01,4.55,24,"The Green and Black Glasses feature a bold combination of green and black colors, adding a touch of vibrancy to your eyewear collection. They are both stylish and eye-catching.",https://cdn.dummyjson.com/product-images/sunglasses/green-and-black-glasses/thumbnail.webp
157,Party Glasses,Fashion Fun,sunglasses,19.99,11.22,2.79,86,"The Party Glasses are designed to add flair to your party outfit. With unique shapes or colorful frames, they're perfect for adding a playful touch to your look during celebrations.",https://cdn.dummyjson.com/product-images/sunglasses/party-glasses/thumbnail.webp
158,Sunglasses,Fashion Shades,sunglasses,22.99,1.51,3.02,27,The Sunglasses offer a classic and simple design with a focus on functionality. These sunglasses provide essential UV protection while maintaining a timeless look.,https://cdn.dummyjson.com/product-images/sunglasses/sunglasses/thumbnail.webp
159,iPad Mini 2021 Starlight,Apple,tablets,499.99,3.64,3.18,47,"The iPad Mini 2021 in Starlight is a compact and powerful tablet from Apple. Featuring a stunning Retina display, powerful A-series chip, and a sleek design, it offers a premium tablet experience.",https://cdn.dummyjson.com/product-images/tablets/ipad-mini-2021-starlight/thumbnail.webp
160,Samsung Galaxy Tab S8 Plus Grey,Samsung,tablets,599.99,13.31,4.68,62,"The Samsung Galaxy Tab S8 Plus in Grey is a high-performance Android tablet by Samsung. With a large AMOLED display, powerful processor, and S Pen support, it's ideal for productivity and entertainment.",https://cdn.dummyjson.com/product-images/tablets/samsung-galaxy-tab-s8-plus-grey/thumbnail.webp
161,Samsung Galaxy Tab White,Samsung,tablets,349.99,18.2,3.72,92,"The Samsung Galaxy Tab in White is a sleek and versatile Android tablet. With a vibrant display, long-lasting battery, and a range of features, it offers a great user experience for various tasks.",https://cdn.dummyjson.com/product-images/tablets/samsung-galaxy-tab-white/thumbnail.webp
162,Blue Frock,,tops,29.99,12.13,4.17,52,"The Blue Frock is a charming and stylish dress for various occasions. With a vibrant blue color and a comfortable design, it adds a touch of elegance to your wardrobe.",https://cdn.dummyjson.com/product-images/tops/blue-frock/thumbnail.webp
163,Girl Summer Dress,,tops,19.99,19.2,4.77,43,"The Girl Summer Dress is a cute and breezy dress designed for warm weather. With playful patterns and lightweight fabric, it's perfect for keeping cool and stylish during the summer.",https://cdn.dummyjson.com/product-images/tops/girl-summer-dress/thumbnail.webp
164,Gray Dress,,tops,34.99,14.28,2.72,55,"The Gray Dress is a versatile and chic option for various occasions. With a neutral gray color, it can be dressed up or down, making it a wardrobe staple for any fashion-forward individual.",https://cdn.dummyjson.com/product-images/tops/gray-dress/thumbnail.webp
165,Short Frock,,tops,24.99,13.45,3.23,22,"The Short Frock is a playful and trendy dress with a shorter length. Ideal for casual outings or special occasions, it combines style and comfort for a fashionable look.",https://cdn.dummyjson.com/product-images/tops/short-frock/thumbnail.webp
166,Tartan Dress,,tops,39.99,12.95,4.05,73,"The Tartan Dress features a classic tartan pattern, bringing a timeless and sophisticated touch to your wardrobe. Perfect for fall and winter, it adds a hint of traditional charm.",https://cdn.dummyjson.com/product-images/tops/tartan-dress/thumbnail.webp
167,300 Touring,Chrysler,vehicle,28999.99,3.98,4.05,54,"The 300 Touring is a stylish and comfortable sedan, known for its luxurious features and smooth performance.",https://cdn.dummyjson.com/product-images/vehicle/300-touring/thumbnail.webp
168,Charger SXT RWD,Dodge,vehicle,32999.99,8.23,2.58,57,"The Charger SXT RWD is a powerful and sporty rear-wheel-drive sedan, offering a blend of performance and practicality.",https://cdn.dummyjson.com/product-images/vehicle/charger-sxt-rwd/thumbnail.webp
169,Dodge Hornet GT Plus,Dodge,vehicle,24999.99,2.63,2.65,82,"The Dodge Hornet GT Plus is a compact and agile hatchback, perfect for urban driving with a touch of sportiness.",https://cdn.dummyjson.com/product-images/vehicle/dodge-hornet-gt-plus/thumbnail.webp
170,Durango SXT RWD,Dodge,vehicle,36999.99,16.44,4.07,95,"The Durango SXT RWD is a spacious and versatile SUV, known for its strong performance and family-friendly features.",https://cdn.dummyjson.com/product-images/vehicle/durango-sxt-rwd/thumbnail.webp
171,Pacifica Touring,Chrysler,vehicle,31999.99,14.76,3.62,53,"The Pacifica Touring is a stylish and well-equipped minivan, offering comfort and convenience for family journeys.",https://cdn.dummyjson.com/product-images/vehicle/pacifica-touring/thumbnail.webp
172,Blue Women's Handbag,Fashionista,womens-bags,49.99,17.88,2.92,76,"The Blue Women's Handbag is a stylish and spacious accessory for everyday use. With a vibrant blue color and multiple compartments, it combines fashion and functionality.",https://cdn.dummyjson.com/product-images/womens-bags/blue-women's-handbag/thumbnail.webp
173,Heshe Women's Leather Bag,Heshe,womens-bags,129.99,3.87,4.92,99,"The Heshe Women's Leather Bag is a luxurious and high-quality leather bag for the sophisticated woman. With a timeless design and durable craftsmanship, it's a versatile accessory.",https://cdn.dummyjson.com/product-images/womens-bags/heshe-women's-leather-bag/thumbnail.webp
174,Prada Women Bag,Prada,womens-bags,599.99,14.09,2.71,75,"The Prada Women Bag is an iconic designer bag that exudes elegance and luxury. Crafted with precision and featuring the Prada logo, it's a statement piece for fashion enthusiasts.",https://cdn.dummyjson.com/product-images/womens-bags/prada-women-bag/thumbnail.webp
175,White Faux Leather Backpack,Urban Chic,womens-bags,39.99,15.2,3.36,39,"The White Faux Leather Backpack is a trendy and practical backpack for the modern woman. With a sleek white design and ample storage space, it's perfect for both casual and on-the-go styles.",https://cdn.dummyjson.com/product-images/womens-bags/white-faux-leather-backpack/thumbnail.webp
176,Women Handbag Black,Elegance Collection,womens-bags,59.99,11.63,2.89,11,"The Women Handbag in Black is a classic and versatile accessory that complements various outfits. With a timeless black color and functional design, it's a must-have in every woman's wardrobe.",https://cdn.dummyjson.com/product-images/womens-bags/women-handbag-black/thumbnail.webp
177,Black Women's Gown,,womens-dresses,129.99,10.48,3.64,25,"The Black Women's Gown is an elegant and timeless evening gown. With a sleek black design, it's perfect for formal events and special occasions, exuding sophistication and style.",https://cdn.dummyjson.com/product-images/womens-dresses/black-women's-gown/thumbnail.webp
178,Corset Leather With Skirt,,womens-dresses,89.99,16.26,3.05,30,"The Corset Leather With Skirt is a bold and edgy ensemble that combines a stylish corset with a matching skirt. Ideal for fashion-forward individuals, it makes a statement at any event.",https://cdn.dummyjson.com/product-images/womens-dresses/corset-leather-with-skirt/thumbnail.webp
179,Corset With Black Skirt,,womens-dresses,79.99,15.06,4.52,33,The Corset With Black Skirt is a chic and versatile outfit that pairs a fashionable corset with a classic black skirt. It offers a trendy and coordinated look for various occasions.,https://cdn.dummyjson.com/product-images/womens-dresses/corset-with-black-skirt/thumbnail.webp
180,Dress Pea,,womens-dresses,49.99,17.68,4.88,6,"The Dress Pea is a stylish and comfortable dress with a pea pattern. Perfect for casual outings, it adds a playful and fun element to your wardrobe, making it a great choice for day-to-day wear.",https://cdn.dummyjson.com/product-images/womens-dresses/dress-pea/thumbnail.webp
181,Marni Red & Black Suit,,womens-dresses,179.99,19.02,4.48,62,"The Marni Red & Black Suit is a sophisticated and fashion-forward suit ensemble. With a combination of red and black tones, it showcases a modern design for a bold and confident look.",https://cdn.dummyjson.com/product-images/womens-dresses/marni-red-&-black-suit/thumbnail.webp
182,Green Crystal Earring,,womens-jewellery,29.99,15.24,3.96,54,"The Green Crystal Earring is a dazzling accessory that features a vibrant green crystal. With a classic design, it adds a touch of elegance to your ensemble, perfect for formal or special occasions.",https://cdn.dummyjson.com/product-images/womens-jewellery/green-crystal-earring/thumbnail.webp
183,Green Oval Earring,,womens-jewellery,24.99,15.18,3.57,73,"The Green Oval Earring is a stylish and versatile accessory with a unique oval shape. Whether for casual or dressy occasions, its green hue and contemporary design make it a standout piece.",https://cdn.dummyjson.com/product-images/womens-jewellery/green-oval-earring/thumbnail.webp
184,Tropical Earring,,womens-jewellery,19.99,0.76,4.4,1,"The Tropical Earring is a fun and playful accessory inspired by tropical elements. Featuring vibrant colors and a lively design, it's perfect for adding a touch of summer to your look.",https://cdn.dummyjson.com/product-images/womens-jewellery/tropical-earring/thumbnail.webp
185,Black & Brown Slipper,Comfort Trends,womens-shoes,19.99,3.33,2.53,3,"The Black & Brown Slipper is a comfortable and stylish choice for casual wear. Featuring a blend of black and brown colors, it adds a touch of sophistication to your relaxation.",https://cdn.dummyjson.com/product-images/womens-shoes/black-&-brown-slipper/thumbnail.webp
186,Calvin Klein Heel Shoes,Calvin Klein,womens-shoes,79.99,3.19,4.92,93,"Calvin Klein Heel Shoes are elegant and sophisticated, designed for formal occasions. With a classic design and high-quality materials, they complement your stylish ensemble.",https://cdn.dummyjson.com/product-images/womens-shoes/calvin-klein-heel-shoes/thumbnail.webp
187,Golden Shoes Woman,Fashion Diva,womens-shoes,49.99,13.93,3.26,88,"The Golden Shoes for Women are a glamorous choice for special occasions. Featuring a golden hue and stylish design, they add a touch of luxury to your outfit.",https://cdn.dummyjson.com/product-images/womens-shoes/golden-shoes-woman/thumbnail.webp
188,Pampi Shoes,Pampi,womens-shoes,29.99,14.14,3.05,49,"Pampi Shoes offer a blend of comfort and style for everyday use. With a versatile design, they are suitable for various casual occasions, providing a trendy and relaxed look.",https://cdn.dummyjson.com/product-images/womens-shoes/pampi-shoes/thumbnail.webp
189,Red Shoes,Fashion Express,womens-shoes,34.99,17.69,3.25,7,"The Red Shoes make a bold statement with their vibrant red color. Whether for a party or a casual outing, these shoes add a pop of color and style to your wardrobe.",https://cdn.dummyjson.com/product-images/womens-shoes/red-shoes/thumbnail.webp
190,IWC Ingenieur Automatic Steel,IWC,womens-watches,4999.99,9.45,2.93,90,"The IWC Ingenieur Automatic Steel watch is a durable and sophisticated timepiece. With a stainless steel case and automatic movement, it combines precision and style for watch enthusiasts.",https://cdn.dummyjson.com/product-images/womens-watches/iwc-ingenieur-automatic-steel/thumbnail.webp
191,Rolex Cellini Moonphase,Rolex,womens-watches,15999.99,4.11,3.83,52,"The Rolex Cellini Moonphase watch is a masterpiece of horology. Featuring a moon phase complication, it showcases the craftsmanship and elegance that Rolex is renowned for.",https://cdn.dummyjson.com/product-images/womens-watches/rolex-cellini-moonphase/thumbnail.webp
192,Rolex Datejust Women,Rolex,womens-watches,10999.99,15.94,2.86,4,"The Rolex Datejust Women's watch is an iconic timepiece designed for women. With a timeless design and a date complication, it offers both elegance and functionality.",https://cdn.dummyjson.com/product-images/womens-watches/rolex-datejust-women/thumbnail.webp
193,Watch Gold for Women,Fashion Gold,womens-watches,799.99,18.34,4.24,0,"The Gold Women's Watch is a stunning accessory that combines luxury and style. Featuring a gold-plated case and a chic design, it adds a touch of glamour to any outfit.",https://cdn.dummyjson.com/product-images/womens-watches/watch-gold-for-women/thumbnail.webp
194,Women's Wrist Watch,Fashion Co.,womens-watches,129.99,12.6,3.52,12,"The Women's Wrist Watch is a versatile and fashionable timepiece for everyday wear. With a comfortable strap and a simple yet elegant design, it complements various styles.",https://cdn.dummyjson.com/product-images/womens-watches/women's-wrist-watch/thumbnail.webp
